time,x_btwP
1,-0.003941412228873986
2,-0.03187389847092511
3,-0.13104667710860607
4,-0.350343371211645
5,-0.6816444019109897
6,-1.054782481755751
7,-1.3973453887077887
8,-1.6701231164746855
9,-1.8576834244278928
10,-1.9516007944436957
11,-1.9397593074479367
12,-1.8043808953680154
13,-1.5309070174301158
14,-1.1158666134091182
15,-0.5675355774547005
16,0.09519785996435168
17,0.8382657325143085
18,1.6025842429541233
19,2.311860445764742
20,2.898653319403155
21,3.322544794607408
22,3.5721077130760235
23,3.6506129405753085
24,3.5586432157001284
25,3.2941055346756025
26,2.863618578257246
27,2.288177633655324
28,1.5999581213216856
29,0.8394489520862832
30,0.05302154917324142
31,-0.7153977855801942
32,-1.4265699664271072
33,-2.0417943774980856
34,-2.5263959971471204
35,-2.854821084471546
36,-3.0143782900729224
37,-3.0132400930320085
38,-2.8847698099349817
39,-2.676940257509516
40,-2.4332148021281914
41,-2.1806433972094177
42,-1.9301311332436728
43,-1.6854972517951825
44,-1.4501262048299544
45,-1.2175927857404407
46,-0.9579144040853212
47,-0.6339293991227868
48,-0.23927108138628317
49,0.19281905791452525
50,0.612738710364262
51,0.976120867541003
52,1.254027898650051
53,1.436497318143048
54,1.535038206332757
55,1.5862572003277304
56,1.6462732042034445
57,1.7695605888529908
58,1.9914472286382714
59,2.325823860771427
60,2.7684418520845298
61,3.3038388559992047
62,3.903134269898257
63,4.519067518233236
64,5.099326061507395
65,5.584907962437882
66,5.894397712022043
67,5.936648263385422
68,5.63278906700368
69,4.928961241208472
70,3.813138103883291
71,2.3345959044750337
72,0.6118399489673975
73,-1.1968028643416913
74,-2.95251110830812
75,-4.564484414266849
76,-5.97388887168454
77,-7.141022791250053
78,-8.046264896629413
79,-8.684874058386935
80,-9.052458808413048
81,-9.12560304049512
82,-8.860088071530852
83,-8.230447801883784
84,-7.271742711922435
85,-6.061201283915192
86,-4.670101770018687
87,-3.1620135245091334
88,-1.6198609581104835
89,-0.1404528609396493
90,1.194656006113433
91,2.3366684331277363
92,3.25620279467775
93,3.921256579775765
94,4.3169465296709255
95,4.475956239043578
96,4.473086403972455
97,4.393246159753959
98,4.292323542577893
99,4.190205876548595
100,4.0993739061084655
101,4.039948532853107
102,4.027256697063653
103,4.05133935308754
104,4.0600781667818575
105,3.9750303971636245
106,3.743992304795406
107,3.365169567522515
108,2.8518154897612567
109,2.1985166159020464
110,1.3985107111860164
111,0.48323747989817734
112,-0.4510981867035109
113,-1.251435251576974
114,-1.7798883740640437
115,-2.0020736031667528
116,-1.9914166496713317
117,-1.8637061179035042
118,-1.7243369099231536
119,-1.6518415211604631
120,-1.6991540453066598
121,-1.886763480448064
122,-2.189702974166744
123,-2.5462283151850285
124,-2.885529037346129
125,-3.1483663977679814
126,-3.2883020406203545
127,-3.2525935938419464
128,-2.9853296955658357
129,-2.4702241503011093
130,-1.736988440872234
131,-0.8314681570069861
132,0.1784779427455084
133,1.183190744671669
134,2.0502347914275068
135,2.662746407568487
136,2.9256122958450823
137,2.7567156942966053
138,2.1127431364208267
139,1.0288186915511106
140,-0.37221639553261543
141,-1.9096564335080648
142,-3.3928460364511137
143,-4.652429245020262
144,-5.534846077373026
145,-5.896382227600292
146,-5.654028064802633
147,-4.843900106449108
148,-3.602911488178203
149,-2.1044304917561583
150,-0.5111340219239416
151,1.0350162276220787
152,2.4097404166009735
153,3.5327987465690933
154,4.389132419761344
155,5.004812746759068
156,5.4114506707773975
157,5.6247135078094175
158,5.630889020182474
159,5.379444607043772
160,4.808795353188878
161,3.9001945961956492
162,2.707813307012338
163,1.3511831822771216
164,-0.016402665751734526
165,-1.253529960155511
166,-2.2699995107847992
167,-3.0308341648289403
168,-3.53459947433007
169,-3.8004244876294333
170,-3.8655300892075695
171,-3.7836900485961835
172,-3.60213877055072
173,-3.3338905873976796
174,-2.9757730502506194
175,-2.5424508208784347
176,-2.070722766677018
177,-1.6053120494337692
178,-1.1832038891501695
179,-0.8139015470427963
180,-0.46996151347916865
181,-0.10450840837741789
182,0.3316216319383284
183,0.8699461030598338
184,1.4829627209187275
185,2.0711006773992438
186,2.5032638967185865
187,2.6713901819387806
188,2.5253304430572547
189,2.076930591755759
190,1.3865568813961748
191,0.5461432540772849
192,-0.3413160700872596
193,-1.1750737912888338
194,-1.8660017888088256
195,-2.352432762371707
196,-2.6007368166492526
197,-2.582463588359278
198,-2.26675793325063
199,-1.6453443461757837
200,-0.7543928856576568
201,0.3232305942762641
202,1.472066892393694
203,2.5739226696241944
204,3.530786734564493
205,4.271594333407361
206,4.751281383225128
207,4.9461363559523255
208,4.870299339488735
209,4.608076259418579
210,4.294035492096799
211,4.035940492485853
212,3.8640080084544968
213,3.7529572321284745
214,3.6760349466659
215,3.6270205696307407
216,3.6006047796351144
217,3.5717911323336535
218,3.510595534307698
219,3.404610383848367
220,3.2565916816284175
221,3.0813259960154227
222,2.8949680361503107
223,2.690725127064539
224,2.4396779365160137
225,2.098619800724636
226,1.602242541859275
227,0.8991188132437467
228,0.022432049728207712
229,-0.9117119175477171
230,-1.7789304222564006
231,-2.5120206112041816
232,-3.1241409821735067
233,-3.668959592610144
234,-4.168783499953584
235,-4.602917589565124
236,-4.947747857215812
237,-5.191581436821479
238,-5.325955273439953
239,-5.351750440236052
240,-5.296851635051461
241,-5.202569975832142
242,-5.077543707881863
243,-4.890817389530777
244,-4.617956098146838
245,-4.274189046495768
246,-3.9101012034441007
247,-3.593150235241172
248,-3.388469070516922
249,-3.344079472993337
250,-3.4867637947956673
251,-3.813087945710168
252,-4.265612765888434
253,-4.737738533425273
254,-5.1168928341670545
255,-5.308094953382816
256,-5.2448679307676045
257,-4.924189154488906
258,-4.435252283261459
259,-3.931251153950204
260,-3.520671585083896
261,-3.1717747390645483
262,-2.761082645402923
263,-2.1870503079352916
264,-1.4034936852630704
265,-0.4049690852810105
266,0.7805626022972624
267,2.110265426966684
268,3.545114661678116
269,5.038123273743316
270,6.506789250328794
271,7.839630022231837
272,8.931660455151524
273,9.69254716044058
274,10.038668286166105
275,9.91853011998277
276,9.342269802255291
277,8.36715181897503
278,7.068600775496142
279,5.529561847897897
280,3.8497960870551005
281,2.160814904979805
282,0.6040384634078703
283,-0.7110973049169564
284,-1.7143422451974455
285,-2.3637706515398893
286,-2.645774098296931
287,-2.576114937866967
288,-2.1948488535983253
289,-1.5572371595281225
290,-0.728400736844641
291,0.21205862162638564
292,1.1697009149116897
293,2.0559409509218565
294,2.8136666882031083
295,3.4192894895257147
296,3.8642481777007633
297,4.137603275519943
298,4.232970615769766
299,4.1703509686704505
300,3.9851798499008746
301,3.694449445887867
302,3.2889140169917055
303,2.7487342701180912
304,2.062126180571588
305,1.2406514843598855
306,0.32743751927518827
307,-0.6046741473338294
308,-1.4689303365222246
309,-2.182314570310933
310,-2.671863810001279
311,-2.882673932504768
312,-2.797350815966286
313,-2.4478085018822715
314,-1.9077844678559757
315,-1.2790519601167134
316,-0.6669807437627149
317,-0.14878084121330265
318,0.23376762212643176
319,0.46291188467793976
320,0.5386299789799713
321,0.4733077258207882
322,0.2865683780798975
323,-0.0009071622180364669
324,-0.3733684273815217
325,-0.8136072577885359
326,-1.2930458712955961
327,-1.7720772039074277
328,-2.206236884145397
329,-2.5539633652748206
330,-2.788151214408711
331,-2.906375521257266
332,-2.9308412071602237
333,-2.9004334919083004
334,-2.859461172261237
335,-2.844767615361337
336,-2.880804945676032
337,-2.9819880870879563
338,-3.148166226013684
339,-3.3624308636935103
340,-3.5964897378646805
341,-3.8110322597022823
342,-3.9630958875125586
343,-4.026667553565373
344,-4.00589762292916
345,-3.925421765026245
346,-3.8084861183532985
347,-3.6681752011590034
348,-3.5126437221103397
349,-3.3487108271093957
350,-3.1811427973488398
351,-3.008954491816655
352,-2.8194456986097785
353,-2.5900859372325726
354,-2.3022139659515433
355,-1.9555191356510564
356,-1.5718683298170697
357,-1.1863563761318716
358,-0.8322903387576878
359,-0.524363537580019
360,-0.2512872009569097
361,0.012009553640055426
362,0.2880822107714333
363,0.5879516171433786
364,0.9029581381103401
365,1.2052818625637174
366,1.4712911217376454
367,1.7044191063402363
368,1.9259782627563333
369,2.149028131067095
370,2.364180052767978
371,2.555119875836594
372,2.7299614634267573
373,2.917032313479839
374,3.130514667330055
375,3.359085638064851
376,3.577993130488064
377,3.757561736545942
378,3.8688823858095476
379,3.893248693091772
380,3.8247624441840498
381,3.6628174195473506
382,3.4080160221336775
383,3.067248920698871
384,2.6584113149524424
385,2.209423296679107
386,1.7564921698958862
387,1.3410123198818822
388,0.9960275838104458
389,0.7293660770647221
390,0.5291018746858926
391,0.3851129684120511
392,0.29613767004096975
393,0.26392131298010973
394,0.29234831780644754
395,0.3880235139279687
396,0.5505707544141804
397,0.7635671568788012
398,1.0008515836913532
399,1.2370932763581062
400,1.4519564391486304
401,1.6333175700870604
402,1.7805139661827394
403,1.9046126904111573
404,2.0239254252338306
405,2.1475931724581887
406,2.2613674803303323
407,2.337848889775105
408,2.353894883145645
409,2.29721612300108
410,2.1643625016473456
411,1.9508080191894386
412,1.6508302903819845
413,1.2742428259433265
414,0.8480905352976129
415,0.39698881537471936
416,-0.0677627695700446
417,-0.5392913468405276
418,-1.0000207148932456
419,-1.421744248030253
420,-1.7759607790477463
421,-2.032639979906594
422,-2.1540042715166505
423,-2.1019936676159543
424,-1.8630583720065312
425,-1.468689938851076
426,-0.9865847719285875
427,-0.47781789046279544
428,0.04626162692618779
429,0.6066076956582823
430,1.20435038862508
431,1.8077522134384958
432,2.3572201708870812
433,2.7609602075324666
434,2.9103951812609794
435,2.7157880484339736
436,2.1332170200649863
437,1.167112902961135
438,-0.14325375550070898
439,-1.7286039937617312
440,-3.4748099298626913
441,-5.211844152966717
442,-6.743109020958284
443,-7.893504017636692
444,-8.52966744009564
445,-8.577117040393638
446,-8.034933139400113
447,-6.96166576650086
448,-5.475274693657912
449,-3.7588163567397506
450,-2.019332893913494
451,-0.4373794445573426
452,0.850834232694945
453,1.7672134203175887
454,2.3067009283883118
455,2.5206377378139697
456,2.473040703282266
457,2.2063701848228927
458,1.7425648273750627
459,1.1125337747192505
460,0.3816370306512108
461,-0.3553613087971536
462,-1.0086375163445687
463,-1.5129249580401438
464,-1.8111314736323674
465,-1.853144501189241
466,-1.620594035982855
467,-1.137937908265792
468,-0.46439251689035216
469,0.3250081232527274
470,1.142483592552395
471,1.8689498666344044
472,2.366425497429796
473,2.5242738897633883
474,2.289944512318115
475,1.672971808972815
476,0.736140006069294
477,-0.41767346502391345
478,-1.6622123065544048
479,-2.8712694640442407
480,-3.938764252166333
481,-4.771405596006524
482,-5.272172693021144
483,-5.356910641979568
484,-4.985838557967696
485,-4.1844489528791105
486,-3.0511189487620167
487,-1.738984412281524
488,-0.4174999559392832
489,0.775602457607444
490,1.7752986263870658
491,2.5809787661846615
492,3.218498763138482
493,3.7274435167337856
494,4.138434755389272
495,4.435615483536624
496,4.572570345808609
497,4.527074011459711
498,4.328871934149935
499,4.051648822026511
500,3.794830882363682
501,3.654441552114705
502,3.697274571130264
503,3.9603604747149417
504,4.435872016728041
505,5.0394778855580284
506,5.624489984002511
507,6.045073528271003
508,6.206312174220651
509,6.070319253723296
510,5.64449211451978
511,4.96499481797815
512,4.087952915602905
513,3.097493001561209
514,2.0927811512717787
515,1.1521082352132441
516,0.3156816253462288
517,-0.4052088986490326
518,-1.01102420118675
519,-1.506478781946336
520,-1.899360921455267
521,-2.192651307582433
522,-2.3858758573439465
523,-2.497119586469371
524,-2.5791075315714815
525,-2.7123336047503215
526,-2.975074806732075
527,-3.401975011384774
528,-3.9649815860144932
529,-4.593514119020166
530,-5.214622033148992
531,-5.775592033091296
532,-6.239586520110467
533,-6.570148479763749
534,-6.728894688890338
535,-6.7064935183055745
536,-6.526012728697737
537,-6.189613398095102
538,-5.666695625271709
539,-4.941889254456071
540,-4.034666483293315
541,-2.9778925492073003
542,-1.8108356950168831
543,-0.59840068543409
544,0.5707282461995286
545,1.618186641805614
546,2.4874408045505922
547,3.125480101603259
548,3.4933509969756176
549,3.5978101574040977
550,3.488420503084158
551,3.235013228785579
552,2.90649824533959
553,2.545506856682877
554,2.1663590127742753
555,1.7869830717505129
556,1.4473627673383374
557,1.1878050537204592
558,1.0271434018815495
559,0.9609324008449537
560,0.9642118664650082
561,1.0002962751395137
562,1.0402928723757119
563,1.075454801228196
564,1.10734833140056
565,1.1473021515456459
566,1.2284570378528186
567,1.3814724957725288
568,1.5841149390316573
569,1.7497092079792085
570,1.7904944644840326
571,1.6991032638685741
572,1.541712245827685
573,1.392059532909088
574,1.3110764525843928
575,1.347804618328994
576,1.5140608117999514
577,1.7696728489400384
578,2.0517407648220423
579,2.319809599876443
580,2.561705441601592
581,2.767906051313863
582,2.9214192575805638
583,3.0019229391877844
584,2.981980796139236
585,2.825621648076826
586,2.5046987431747816
587,2.0184575394053663
588,1.3894460809085225
589,0.6392947153533537
590,-0.21656229881128233
591,-1.1576050913897178
592,-2.164873106536197
593,-3.2198011326742306
594,-4.26960557836513
595,-5.217741317959332
596,-5.959194473814081
597,-6.401197657850112
598,-6.476912157876129
599,-6.185736797605367
600,-5.619450440145161
601,-4.9131523016720555
602,-4.15133181298558
603,-3.3525252764328157
604,-2.542926654719535
605,-1.8000057524270223
606,-1.223394129202843
607,-0.8767804432004834
608,-0.754405054573363
609,-0.8003501085651238
610,-0.9498067517532536
611,-1.1486987269984896
612,-1.352782253493621
613,-1.5223797559274406
614,-1.6263687410233327
615,-1.6683828831513439
616,-1.698932584009156
617,-1.7832711833268045
618,-1.9550191913957689
619,-2.1763949943023952
620,-2.336914593762378
621,-2.309512447105623
622,-2.009151844010948
623,-1.4071349663340253
624,-0.515582468715398
625,0.6210098491388704
626,1.9154053200014327
627,3.2445161577268555
628,4.495910559150039
629,5.593863183297698
630,6.470138337466247
631,7.044750957470256
632,7.262268290589635
633,7.141602744068268
634,6.7675137819831725
635,6.218968961114965
636,5.528354357422232
637,4.717018142561877
638,3.837694555419478
639,2.9692980394990394
640,2.1757702196868385
641,1.497865782233766
642,0.9865505827896573
643,0.7017581596097938
644,0.681955794301067
645,0.9216553389345474
646,1.3639608834967893
647,1.916075427067617
648,2.470746439388217
649,2.9242441672831627
650,3.1904662879061396
651,3.203234909792972
652,2.919751270790394
653,2.330224778356567
654,1.4586641172346122
655,0.3622860199844571
656,-0.8619892591915682
657,-2.1067371609089345
658,-3.3059510223855373
659,-4.394691882264629
660,-5.235955965938936
661,-5.67744638215487
662,-5.654734540604437
663,-5.20808212974418
664,-4.448439239607096
665,-3.5128961579417117
666,-2.514383253349164
667,-1.5247164970662217
668,-0.5974661173004154
669,0.21165092218618287
670,0.8428480180753687
671,1.2453229521384666
672,1.3896631297199076
673,1.2680729666623605
674,0.8962952807043476
675,0.31640502063746206
676,-0.40891897245118614
677,-1.2048666273278295
678,-1.9982508983926743
679,-2.7342348218634926
680,-3.372148326937787
681,-3.870303516398502
682,-4.1914230287648815
683,-4.323991369704854
684,-4.296093218489659
685,-4.167853321257274
686,-4.009200668854578
687,-3.8781499025535964
688,-3.809120918889159
689,-3.809228950705749
690,-3.8587813507950894
691,-3.92420030873375
692,-3.977418715400647
693,-4.005097431856002
694,-4.0001181364599825
695,-3.939986158461326
696,-3.78322127980668
697,-3.4924455990241188
698,-3.047243564689314
699,-2.441362313574183
700,-1.6874433387549592
701,-0.825070337028261
702,0.08218654097353532
703,0.9611382411782421
704,1.743943352672185
705,2.374470212577375
706,2.8131683405644514
707,3.047954492654481
708,3.098501577323342
709,3.007341143415078
710,2.826349127247652
711,2.6011297079149394
712,2.364269749670159
713,2.1435849199974264
714,1.966205525882269
715,1.8527169841669004
716,1.8139963901471337
717,1.8529534203352258
718,1.9633105433203935
719,2.1227342641676428
720,2.293745233592682
721,2.4417260697960015
722,2.552311440636831
723,2.623269272970032
724,2.651243687302276
725,2.649805867994505
726,2.6616796612573266
727,2.7315903284937564
728,2.8827714961794424
729,3.12138550157757
730,3.4420321309027018
731,3.8268634268618364
732,4.254686005091094
733,4.703485330732974
734,5.1417481842520205
735,5.534717609376958
736,5.852679226712042
737,6.06686905663336
738,6.145902579649046
739,6.05185184784829
740,5.744393024412778
741,5.2049757054153085
742,4.455395215198032
743,3.55018234308719
744,2.554960243589105
745,1.526212711186495
746,0.505634121520838
747,-0.4682786259277905
748,-1.3554845278332288
749,-2.1277958796974037
750,-2.7752062196226905
751,-3.300024295805182
752,-3.714425861726049
753,-4.034945117431707
754,-4.273503743357018
755,-4.441022455667796
756,-4.558383450584903
757,-4.657926039667194
758,-4.774034860122463
759,-4.928818468113144
760,-5.122289168087245
761,-5.334346550260911
762,-5.533033956992901
763,-5.685685258255077
764,-5.77210016408891
765,-5.790178939271713
766,-5.746656989574585
767,-5.632762378086242
768,-5.402446054207967
769,-4.984168373670608
770,-4.32581389682219
771,-3.4273711660100314
772,-2.3332804017209896
773,-1.1101390345857298
774,0.16148492097522069
775,1.387809609860226
776,2.479230862943416
777,3.3796708503385475
778,4.072015564091702
779,4.549974770081638
780,4.789756697716752
781,4.753958579305269
782,4.415879588193253
783,3.775271276477944
784,2.865366728010227
785,1.75283581888957
786,0.5241093221146091
787,-0.7346977960968182
788,-1.953561586080588
789,-3.080536570322681
790,-4.070355358793002
791,-4.871503604773606
792,-5.4260109578098605
793,-5.690479314386502
794,-5.647616236941743
795,-5.287765852097412
796,-4.610094040781652
797,-3.6542649230445656
798,-2.49991584290978
799,-1.2375708295645216
800,0.04340069253861661
801,1.2698699080711482
802,2.3984540904131864
803,3.390914838563717
804,4.190212580270677
805,4.732281502880394
806,4.981376478234886
807,4.96918657255939
808,4.792894601005235
809,4.558798612862358
810,4.325402431728878
811,4.106327369749382
812,3.9241544882653763
813,3.8471950729301785
814,3.967278912117801
815,4.331197843090695
816,4.886839816421159
817,5.509240554821376
818,6.081197231944121
819,6.529203088507879
820,6.795650870500095
821,6.81468942931613
822,6.52108843517002
823,5.875721924775986
824,4.884236305218842
825,3.600446637410545
826,2.1269293945083296
827,0.5975425933976297
828,-0.8620025137302508
829,-2.149225627840947
830,-3.189546891268951
831,-3.959631152992198
832,-4.4972173344534205
833,-4.885153429741309
834,-5.215208373126483
835,-5.546391117550219
836,-5.891172445866343
837,-6.231699159761171
838,-6.523731019748342
839,-6.685302207929368
840,-6.6259311223208135
841,-6.290444969765142
842,-5.65768897532316
843,-4.744755490007992
844,-3.6347967481057704
845,-2.454699099635108
846,-1.3096191505909924
847,-0.26098480299549714
848,0.6348404403862323
849,1.2940833195773827
850,1.6215979541792724
851,1.5556879773483745
852,1.0953441142765956
853,0.29003440755502247
854,-0.774111974457558
855,-1.9798145212220335
856,-3.1909634224613956
857,-4.250466361263792
858,-4.981203681695282
859,-5.23488093216198
860,-4.938975288732197
861,-4.088201952210102
862,-2.72183517334347
863,-0.9279406781557222
864,1.160063067399976
865,3.4054644749562306
866,5.68729770967074
867,7.8572765584507795
868,9.711552318193931
869,11.036190065410029
870,11.681120637321703
871,11.592290258389069
872,10.794814742515177
873,9.37886556204896
874,7.492954147486527
875,5.304213790142475
876,2.958741059547167
877,0.5795422453546137
878,-1.7260437670145452
879,-3.859656768279465
880,-5.723989433271768
881,-7.239548263740258
882,-8.381604296895745
883,-9.1677395889646
884,-9.593819979221646
885,-9.620918275911071
886,-9.232863738100791
887,-8.46671503905986
888,-7.382731476703107
889,-6.055440887864265
890,-4.586445384976
891,-3.071518081253561
892,-1.5789835780373696
893,-0.17582486345153278
894,1.0669579711797188
895,2.08851090773866
896,2.839528669494395
897,3.292819108640047
898,3.458112394090679
899,3.368015058951365
900,3.06428943506883
901,2.613517730631777
902,2.1022243609696782
903,1.604963284726121
904,1.1721827839631849
905,0.8305125966706491
906,0.5778108545756591
907,0.38239226289963546
908,0.19322698135419392
909,-0.03144155921897594
910,-0.2956156850372118
911,-0.5775840095385655
912,-0.8591934483786287
913,-1.127776556057121
914,-1.3674040147723363
915,-1.5603595402415016
916,-1.6893624712638773
917,-1.7343523344760245
918,-1.683231163992794
919,-1.5615287608008492
920,-1.4274960060301392
921,-1.3250868770807116
922,-1.2676969263204079
923,-1.2640001524928557
924,-1.3240432480704787
925,-1.4335045695758255
926,-1.547879229869418
927,-1.6154477402755607
928,-1.593201321882596
929,-1.4476126747618363
930,-1.1493079229244594
931,-0.6752471276101256
932,-0.022395586754651836
933,0.7854439586995726
934,1.69670878307848
935,2.6413300389172982
936,3.5686113612000727
937,4.461757112812449
938,5.304591921816315
939,6.078886828700939
940,6.790024388842291
941,7.448851490969685
942,8.031636835311241
943,8.478168432688571
944,8.723323706023896
945,8.716648991471057
946,8.428121256497754
947,7.870882024089764
948,7.112722503444924
949,6.230795946839827
950,5.263429479591232
951,4.232681415185541
952,3.176773626661692
953,2.123123373976528
954,1.0757493250370038
955,0.06614664239362462
956,-0.8335188092612322
957,-1.5805278061434669
958,-2.199574478445849
959,-2.7292576515740494
960,-3.1678726476583563
961,-3.4936093949242712
962,-3.713531055696318
963,-3.86665197188733
964,-3.9965511136388385
965,-4.146891225501163
966,-4.3592227636580425
967,-4.650324567767939
968,-5.005283406718778
969,-5.393365920785488
970,-5.78109085596377
971,-6.139979744094095
972,-6.450084565827978
973,-6.690587533149455
974,-6.830613747125416
975,-6.831325228981879
976,-6.660828275421354
977,-6.323377364243957
978,-5.868327825405988
979,-5.365408426902971
980,-4.8726554970106895
981,-4.4110043453503005
982,-3.9679628622565573
983,-3.527992431437674
984,-3.0860254013241324
985,-2.6332783998140745
986,-2.1474119277968655
987,-1.6138241789292533
988,-1.0586448195606812
989,-0.5469811678044342
990,-0.143390511732382
991,0.12213472332853532
992,0.2572311375976024
993,0.2996872494770877
994,0.3184593660173647
995,0.40551258153732833
996,0.6505978324453692
997,1.1148003259298236
998,1.802339026324568
999,2.6445858990179834
1000,3.5251708228664174
1001,4.327844009980965
1002,4.959710535845594
1003,5.350278528354602
1004,5.473816040324273
1005,5.376783508793697
1006,5.151121955638324
1007,4.880416623892423
1008,4.617493101056028
1009,4.387598195863242
1010,4.205320297077192
1011,4.098865600851743
1012,4.095261564277563
1013,4.17718025622955
1014,4.276371520982051
1015,4.297345379157118
1016,4.142204824375139
1017,3.7573774015797983
1018,3.172902883553789
1019,2.4662322541213757
1020,1.6958514300909489
1021,0.8882890364697381
1022,0.070996738548459
1023,-0.6961725350125271
1024,-1.3233545229135708
1025,-1.7145134336608372
1026,-1.786717474754616
1027,-1.497486118035104
1028,-0.867789387715581
1029,0.03209736063682932
1030,1.115688372597834
1031,2.287254068378933
1032,3.4199091701107363
1033,4.366646194108834
1034,5.011295797783896
1035,5.282409260525676
1036,5.132586433366401
1037,4.535682407089507
1038,3.49630041958587
1039,2.0574081444423755
1040,0.30289598183130356
1041,-1.6438847390073354
1042,-3.630801198771911
1043,-5.5004302877723354
1044,-7.109254315761939
1045,-8.332205158198466
1046,-9.067154353937982
1047,-9.26863621103059
1048,-8.978020875608063
1049,-8.300700579322688
1050,-7.363366039739139
1051,-6.287072709862816
1052,-5.176345928378625
1053,-4.1169671025625565
1054,-3.1653223040087974
1055,-2.3318438232387853
1056,-1.586770977097971
1057,-0.8785166144846116
1058,-0.14204025508835622
1059,0.6802777315119125
1060,1.6058096782824829
1061,2.595542009529823
1062,3.5638102707928647
1063,4.408785203205817
1064,5.038470785951574
1065,5.378823979454277
1066,5.38556440058827
1067,5.062764630957171
1068,4.464135515886862
1069,3.6752339108890393
1070,2.789381160389754
1071,1.8835957210526089
1072,1.010830508520324
1073,0.21245503910770366
1074,-0.4773202927065134
1075,-1.0411250204272198
1076,-1.4889626934665816
1077,-1.8602699304383135
1078,-2.199525094190051
1079,-2.521545498297207
1080,-2.7944990920799806
1081,-2.950578079312827
1082,-2.9245188041020533
1083,-2.6903032101155366
1084,-2.285431201647814
1085,-1.8005898533510267
1086,-1.3075001433629236
1087,-0.8251355028370352
1088,-0.3682885607856698
1089,0.031379913835530196
1090,0.34424153891633147
1091,0.548020334054831
1092,0.6277440110387492
1093,0.5756317299608281
1094,0.38283906403365275
1095,0.034520756372865155
1096,-0.4728667017070483
1097,-1.1064623886577454
1098,-1.7994196323305884
1099,-2.4780044031193547
1100,-3.087163639259074
1101,-3.6004355555249585
1102,-4.006526389185754
1103,-4.288147489859293
1104,-4.424640094153839
1105,-4.407652076524303
1106,-4.23867688783209
1107,-3.9193303923609233
1108,-3.4503915448618745
1109,-2.830489114621633
1110,-2.0606877126119194
1111,-1.1578085746369908
1112,-0.16057919848384603
1113,0.8678949443477483
1114,1.845597738201215
1115,2.695600383394892
1116,3.3687642338259502
1117,3.85275978684097
1118,4.175418558889672
1119,4.394232768254586
1120,4.56215946134738
1121,4.697588569055144
1122,4.784394334821963
1123,4.788269822765624
1124,4.6764048531518965
1125,4.43369285837219
1126,4.065796335245627
1127,3.5945256735681492
1128,3.0548420760342445
1129,2.494084131806193
1130,1.964628403131313
1131,1.5138131604567113
1132,1.1841682499360713
1133,1.0071345214959995
1134,0.9808631458762583
1135,1.0624279174215605
1136,1.1899088675098413
1137,1.3133139991599885
1138,1.4150390088641187
1139,1.510977684844817
1140,1.6269915667035386
1141,1.7681849912571497
1142,1.9129907744780403
1143,2.0411974303404503
1144,2.163679033323555
1145,2.308008404864178
1146,2.4751924491085155
1147,2.6302713626044647
1148,2.7263396548932053
1149,2.7179050877293247
1150,2.5588110274489013
1151,2.203729454069286
1152,1.628129846034451
1153,0.8553730262561867
1154,-0.04018554995338383
1155,-0.9656624084048948
1156,-1.850981108192521
1157,-2.658065192410234
1158,-3.36477736508971
1159,-3.9554103288821065
1160,-4.414956427210932
1161,-4.722599169113097
1162,-4.857173790325804
1163,-4.802211881084909
1164,-4.537885886776354
1165,-4.04507164103322
1166,-3.3306339881232194
1167,-2.449286723617085
1168,-1.5080506665975189
1169,-0.656306541547868
1170,-0.05863629971877837
1171,0.1491457644356891
1172,-0.10027284088505661
1173,-0.7896792946954706
1174,-1.8246427134069731
1175,-3.0593897239534154
1176,-4.336524046681434
1177,-5.521845899858842
1178,-6.5188080130954775
1179,-7.263193488733949
1180,-7.706479995118432
1181,-7.805456140559368
1182,-7.535320599345384
1183,-6.916456374439943
1184,-6.01660217216444
1185,-4.925103652248589
1186,-3.7310992871875723
1187,-2.5179666660772946
1188,-1.3598111600578027
1189,-0.30243504836256085
1190,0.6365665635624359
1191,1.4384193035338777
1192,2.089620802163734
1193,2.605959007801833
1194,3.010076822406384
1195,3.301385842369857
1196,3.4654482305528664
1197,3.50043265672481
1198,3.4273420065568634
1199,3.2821962334790937
1200,3.108316192393454
1201,2.9543383532418006
1202,2.876542859107137
1203,2.935951521670504
1204,3.1829597300080965
1205,3.63816693257406
1206,4.279057100478209
1207,5.045751606350159
1208,5.856851389015467
1209,6.614114376371448
1210,7.20796738396292
1211,7.541383399173579
1212,7.565023916279529
1213,7.296819772100883
1214,6.795612173532431
1215,6.101830680674815
1216,5.209969045448838
1217,4.1016791741340075
1218,2.793271601821329
1219,1.3586345520491983
1220,-0.07662218500814237
1221,-1.374859055441114
1222,-2.434539702243177
1223,-3.1992425681783754
1224,-3.634002253985355
1225,-3.716298432023947
1226,-3.4573372942791516
1227,-2.9293028461195045
1228,-2.262490092482068
1229,-1.594074651125666
1230,-1.004306805720189
1231,-0.5013144888042081
1232,-0.061262861384396246
1233,0.32625641055123017
1234,0.6490889869244187
1235,0.8927045105706135
1236,1.044181103718061
1237,1.0830516387006965
1238,0.9966347811877413
1239,0.7897516100862535
1240,0.4631780625659567
1241,-0.002924588590594508
1242,-0.6301350047928119
1243,-1.4003740693057285
1244,-2.2391730443204536
1245,-3.0507564290223597
1246,-3.763569703554665
1247,-4.336344923990329
1248,-4.738552924227063
1249,-4.946448065665361
1250,-4.9648725371523845
1251,-4.834416896514227
1252,-4.592936689167881
1253,-4.23710514753131
1254,-3.739936412980638
1255,-3.1072405204854747
1256,-2.4047638694236686
1257,-1.7235380205866848
1258,-1.124729682622324
1259,-0.6252215711224219
1260,-0.22882862753045735
1261,0.05942788327013252
1262,0.2458743282795944
1263,0.3394970815130222
1264,0.3498360175523177
1265,0.31214951817978237
1266,0.2815975770496934
1267,0.2947762606802235
1268,0.34666574105602077
1269,0.40056613238968947
1270,0.4294646622221167
1271,0.44593396095053267
1272,0.4667199137744035
1273,0.46446631593854387
1274,0.40541943501346867
1275,0.3081784572448925
1276,0.22352447793363472
1277,0.2044313819525431
1278,0.3128500606704887
1279,0.6079051706495399
1280,1.1043761968735515
1281,1.7531181641770606
1282,2.479389904371997
1283,3.2362949527335902
1284,4.004826604845209
1285,4.7552666048454
1286,5.432600376708017
1287,5.963608781218047
1288,6.260847033276777
1289,6.249222546381035
1290,5.911905344089959
1291,5.293075053996733
1292,4.460110561768585
1293,3.484819979803628
1294,2.4408409326513656
1295,1.3893495544840793
1296,0.36498818384921144
1297,-0.612468999945833
1298,-1.504518496200413
1299,-2.2357875442037094
1300,-2.7243797618428864
1301,-2.930131167524296
1302,-2.8565035757673205
1303,-2.5211885929387696
1304,-1.9495947963652984
1305,-1.18442556040697
1306,-0.2981535318388379
1307,0.5926867378362854
1308,1.3450482525364607
1309,1.8285471411446463
1310,1.9449219120339216
1311,1.6401548236983616
1312,0.922286295656677
1313,-0.12882959100105243
1314,-1.3687165726432626
1315,-2.613003657314002
1316,-3.6843085165443115
1317,-4.466710318675224
1318,-4.923385342097414
1319,-5.067183973875968
1320,-4.922369259268371
1321,-4.512050244472341
1322,-3.8809998628851226
1323,-3.123911590658304
1324,-2.3683197102290467
1325,-1.7242337002188304
1326,-1.248993094906448
1327,-0.9399371444150196
1328,-0.7565089449983275
1329,-0.6476929329384657
1330,-0.5619476911729093
1331,-0.45495780461239343
1332,-0.2808701187315312
1333,0.013199583532863376
1334,0.44237094327708504
1335,0.9623516470760523
1336,1.5198151585518265
1337,2.0831506453321778
1338,2.62123700245811
1339,3.1009455994105304
1340,3.4992257601389563
1341,3.7806365666103323
1342,3.886056029686992
1343,3.770112619630644
1344,3.4362055268673024
1345,2.94186411449847
1346,2.3871622852778107
1347,1.8745549941006265
1348,1.4541937096704338
1349,1.123654995953379
1350,0.8846778935084699
1351,0.7579236737356625
1352,0.7374781977516839
1353,0.7694110982086068
1354,0.7626511463446712
1355,0.6121319875432818
1356,0.2528761661599181
1357,-0.29783277427775834
1358,-0.9677908989714323
1359,-1.6823784434964661
1360,-2.3766640803049524
1361,-2.9900152053160594
1362,-3.4781785036915385
1363,-3.823692015950335
1364,-4.034005206609929
1365,-4.146771249229764
1366,-4.232621273198381
1367,-4.369517287269212
1368,-4.607304747368469
1369,-4.950075962505079
1370,-5.354951798168679
1371,-5.745822398673239
1372,-6.035806295712561
1373,-6.134257190081415
1374,-5.945523064364544
1375,-5.396062612807102
1376,-4.478038511841185
1377,-3.259435828649573
1378,-1.859053006780447
1379,-0.4169600630904973
1380,0.940325610723745
1381,2.136618428639373
1382,3.1500534433047815
1383,3.9696647543229897
1384,4.549152197570497
1385,4.819715502072591
1386,4.756382263429434
1387,4.4162107288958214
1388,3.899648252715144
1389,3.2962265698560507
1390,2.6731808654677054
1391,2.0768928521936902
1392,1.5304910162986536
1393,1.0492941808397762
1394,0.6548374169278449
1395,0.3641660338962144
1396,0.18244572574459364
1397,0.10766158693053109
1398,0.12613662727825717
1399,0.21380438383126052
1400,0.3545923793654226
1401,0.5516622934209195
1402,0.8219473358649947
1403,1.184787548316325
1404,1.641898997109382
1405,2.1594904014176417
1406,2.6821061608925945
1407,3.1628281991503266
1408,3.570439550704694
1409,3.8752695551466703
1410,4.0440840013365005
1411,4.052959476829963
1412,3.8954803414934416
1413,3.577209211810254
1414,3.1193291709750137
1415,2.5714792273022495
1416,2.003198700921946
1417,1.473559606096989
1418,1.004864288837495
1419,0.5798939294566817
1420,0.1615014952430309
1421,-0.2879849886367373
1422,-0.7881195692441055
1423,-1.322009024182978
1424,-1.8494121729340842
1425,-2.3377689642103268
1426,-2.7718139827091117
1427,-3.1468668378509013
1428,-3.458316805998552
1429,-3.692039338262835
1430,-3.8219641594005638
1431,-3.819858667021674
1432,-3.6770497051879216
1433,-3.4171822022480853
1434,-3.081785533937042
1435,-2.7068270461794337
1436,-2.3173196050238873
1437,-1.9301428404871852
1438,-1.5463012684135151
1439,-1.1532299602128444
1440,-0.7486167442996114
1441,-0.35794800526904363
1442,-0.029598386041009714
1443,0.18863110127776234
1444,0.27050180007097063
1445,0.2089373379038055
1446,0.010032003146305776
1447,-0.3028991126297025
1448,-0.694204280321221
1449,-1.127945475027236
1450,-1.5699851438822972
1451,-1.9819014000774622
1452,-2.3237050597818016
1453,-2.5647227234470242
1454,-2.685094942973368
1455,-2.6720243889386635
1456,-2.522390377894351
1457,-2.24689722628618
1458,-1.8681974142804607
1459,-1.4131629467746778
1460,-0.9050733389686109
1461,-0.36454296974650546
1462,0.1831578694992197
1463,0.7084523028645854
1464,1.1796915813803948
1465,1.5631824673339854
1466,1.8341145312226435
1467,1.9913348043715309
1468,2.056691689240878
1469,2.058640748134186
1470,2.0214976013270545
1471,1.9681813518520288
1472,1.9216393153374274
1473,1.9030103133290073
1474,1.937936780994149
1475,2.0609230209956393
1476,2.298775818699359
1477,2.6501977019039664
1478,3.0839974262101855
1479,3.5491360571637505
1480,3.987586995150654
1481,4.345478566287407
1482,4.578503651445431
1483,4.656912979381921
1484,4.572362238295368
1485,4.338455268604415
1486,3.982193597355615
1487,3.532682160655608
1488,3.011592651398031
1489,2.4292227151655017
1490,1.7897461404623018
1491,1.0986070951180182
1492,0.36508676234537624
1493,-0.39098428872876423
1494,-1.122591344979715
1495,-1.7549254543170756
1496,-2.2174361244025973
1497,-2.46681468033245
1498,-2.4731057008649526
1499,-2.204948011771185
1500,-1.6420204597958907
1501,-0.807411659918956
1502,0.2078314686931771
1503,1.2656371907121913
1504,2.2293840786737174
1505,2.9889066433603833
1506,3.466484399359082
1507,3.6232068687354846
1508,3.4548931694026352
1509,2.972955035384133
1510,2.1920075896050357
1511,1.1474927466281415
1512,-0.07875178362939844
1513,-1.3696487876062624
1514,-2.6132567219638476
1515,-3.7320151494107114
1516,-4.685318655362285
1517,-5.457792667863523
1518,-6.050790520482212
1519,-6.477018245969097
1520,-6.752945203327774
1521,-6.890936370199362
1522,-6.881984437947007
1523,-6.677496103055743
1524,-6.214267559280468
1525,-5.4701873660345015
1526,-4.480808225531464
1527,-3.31858697146908
1528,-2.0837273748687934
1529,-0.8902574124055693
1530,0.17327434925058507
1531,1.056849765111299
1532,1.731967748997597
1533,2.195718152667122
1534,2.468859036750074
1535,2.5758861171931464
1536,2.5427719760590404
1537,2.393556282485038
1538,2.142105136826156
1539,1.7957306890169302
1540,1.3565746769900011
1541,0.8319652218412914
1542,0.246313750596446
1543,-0.3837083432284632
1544,-1.062309960749044
1545,-1.7778481756790523
1546,-2.483691948019929
1547,-3.1152202395932322
1548,-3.599935547746537
1549,-3.8611890212229456
1550,-3.829735772294325
1551,-3.461875778891942
1552,-2.7584459040762086
1553,-1.7746518572458045
1554,-0.6112040405287494
1555,0.6223383762921909
1556,1.8408746550891997
1557,2.9716214895538444
1558,3.9339177403739667
1559,4.654311665626579
1560,5.0912614450953315
1561,5.2413580710311765
1562,5.133309883498373
1563,4.819103485600476
1564,4.359586570633748
1565,3.820613855900209
1566,3.2774620582441907
1567,2.803495989243109
1568,2.469746301893826
1569,2.3427308890397307
1570,2.4513551032511582
1571,2.7778681127529055
1572,3.279644199630769
1573,3.896473048328821
1574,4.537218851727841
1575,5.065817216692942
1576,5.33388303513912
1577,5.250480699295479
1578,4.806996071496932
1579,4.0594043146414505
1580,3.117705960575485
1581,2.1174066167661625
1582,1.1718970055013895
1583,0.34637409541398395
1584,-0.34803774290005135
1585,-0.9471738621904476
1586,-1.5090408526804475
1587,-2.0845973640944284
1588,-2.7081782123780793
1589,-3.3994890553401262
1590,-4.142134592576848
1591,-4.871312657028837
1592,-5.523628751313813
1593,-6.077508027659463
1594,-6.521242418807645
1595,-6.813910483766434
1596,-6.891034591941112
1597,-6.701059952991231
1598,-6.239191395065164
1599,-5.546792537551975
1600,-4.686228090243545
1601,-3.727265630801412
1602,-2.7566207155373035
1603,-1.8849905410583077
1604,-1.2195518625662305
1605,-0.8285048803583345
1606,-0.7374526705201834
1607,-0.9368357501216484
1608,-1.3711868768066175
1609,-1.934035469293003
1610,-2.5061054659934245
1611,-2.9959935146064898
1612,-3.3326626527871186
1613,-3.457946257891554
1614,-3.3463167222942487
1615,-2.994910469982711
1616,-2.383549184241595
1617,-1.4739083704267142
1618,-0.26762251200838283
1619,1.1412242571658946
1620,2.5813345106964256
1621,3.8540924269166488
1622,4.776780103553844
1623,5.228170138478508
1624,5.174311820278403
1625,4.659614140770969
1626,3.7830643612843606
1627,2.661182676255673
1628,1.4016308178912753
1629,0.11535456992780768
1630,-1.0659105309783665
1631,-2.0020997379029786
1632,-2.583539898434779
1633,-2.760940781032894
1634,-2.5360919749528104
1635,-1.948038737693438
1636,-1.073830501538585
1637,-0.011379467005773365
1638,1.139940107991507
1639,2.2768817376170554
1640,3.2934417989846554
1641,4.104096953429494
1642,4.673163611921475
1643,5.020846419052213
1644,5.188675823261185
1645,5.20321673224306
1646,5.0902586714068745
1647,4.888266438354399
1648,4.619704982424958
1649,4.28207425322192
1650,3.865419820193361
1651,3.3587019331002654
1652,2.753189411242878
1653,2.045456821521573
1654,1.241551315822099
1655,0.3783732560226512
1656,-0.45524146170832386
1657,-1.1415109965557928
1658,-1.5978543253392747
1659,-1.8160360526999115
1660,-1.841929577684385
1661,-1.7369325007378384
1662,-1.5599602085677249
1663,-1.3619244114727165
1664,-1.1743639548789524
1665,-1.0036685199085904
1666,-0.8395023495733999
1667,-0.6679133230312747
1668,-0.4872478410653257
1669,-0.31128434761797424
1670,-0.14625889237162445
1671,0.028965564939217314
1672,0.23886556241385357
1673,0.4605813681800244
1674,0.6155147983996062
1675,0.6197209942656289
1676,0.42659690181748994
1677,0.02271431853177139
1678,-0.5813616192744916
1679,-1.341442930147916
1680,-2.179946344469598
1681,-3.005059384472267
1682,-3.736288492449494
1683,-4.319567977940367
1684,-4.720084505713334
1685,-4.9146174282477935
1686,-4.904585252149126
1687,-4.732890266413124
1688,-4.4694883462200625
1689,-4.161107582029341
1690,-3.8003599874742395
1691,-3.353562107248804
1692,-2.8080054795857943
1693,-2.184430963882128
1694,-1.5163640245028127
1695,-0.8313962127815536
1696,-0.14371385624969116
1697,0.5338864290562831
1698,1.1655287633285127
1699,1.7167655633793923
1700,2.207925727304405
1701,2.6949234442760535
1702,3.20084509191649
1703,3.695128979325462
1704,4.122846220903296
1705,4.437652920112121
1706,4.624126069107506
1707,4.7072303259674815
1708,4.740083603465769
1709,4.778845591432432
1710,4.8588460328246414
1711,4.984142846937074
1712,5.138335159451802
1713,5.286138844675193
1714,5.3552113531206045
1715,5.245736494429826
1716,4.8813964879107985
1717,4.253112957045259
1718,3.41790864485781
1719,2.468739464016067
1720,1.5097355452997177
1721,0.6383907260781349
1722,-0.07435252946392887
1723,-0.5972280452543431
1724,-0.9420271585059121
1725,-1.155676927796489
1726,-1.300737494052495
1727,-1.4405164034094622
1728,-1.6313862458006583
1729,-1.9089169720201924
1730,-2.282217034660168
1731,-2.747789569179108
1732,-3.2986228223096905
1733,-3.9222638298181076
1734,-4.6014229439435335
1735,-5.314918834795621
1736,-6.030201681840681
1737,-6.692668395062641
1738,-7.226003277217181
1739,-7.551153176807692
1740,-7.6195889140254405
1741,-7.42704385202891
1742,-6.990497259563867
1743,-6.330946115671761
1744,-5.485456080949156
1745,-4.511683864762969
1746,-3.4642626561905923
1747,-2.3840239481897574
1748,-1.3174240201510437
1749,-0.3220128958209174
1750,0.5501593909169159
1751,1.2574631146274688
1752,1.7600912901270123
1753,2.025837821254584
1754,2.0569088862819194
1755,1.8998075157527938
1756,1.6250933525918603
1757,1.3152513930352505
1758,1.064658988833068
1759,0.960285692230759
1760,1.0480306579396448
1761,1.3141232553749793
1762,1.7008876875566759
1763,2.153001003419282
1764,2.6430511586825265
1765,3.149262279755904
1766,3.6342662925273075
1767,4.056481498083094
1768,4.383643786564821
1769,4.581190208572534
1770,4.602599833581284
1771,4.411455032766996
1772,4.01950766514883
1773,3.4990224818335265
1774,2.941589938646735
1775,2.4053247246897853
1776,1.9091034745615902
1777,1.4576699100600592
1778,1.056278298396595
1779,0.7137111922354223
1780,0.4440950505186017
1781,0.26198848541503783
1782,0.17773024350801447
1783,0.1990657726551614
1784,0.32429543497435054
1785,0.5398481756736859
1786,0.8323387964883808
1787,1.175611822059068
1788,1.513936129541945
1789,1.8075512831636888
1790,2.0719277392695927
1791,2.336630740188075
1792,2.5982479305779704
1793,2.8202645492852407
1794,2.9515742850230744
1795,2.9426817462613095
1796,2.7567965677816293
1797,2.3749762285578373
1798,1.7936240417796856
1799,1.026216191322589
1800,0.11611697620046402
1801,-0.8651892879622834
1802,-1.843530630198226
1803,-2.7592060219777066
1804,-3.5581913477075933
1805,-4.183896762732217
1806,-4.5914393655741
1807,-4.76427986250028
1808,-4.719744465200827
1809,-4.507386049902839
1810,-4.199955689128623
1811,-3.885358052989523
1812,-3.652122938558502
1813,-3.5565273996808773
1814,-3.599316389910803
1815,-3.7348869075603712
1816,-3.8926193060582266
1817,-3.997179625075224
1818,-3.9902132116575815
1819,-3.836647371472739
1820,-3.5140697015436455
1821,-3.011776288744077
1822,-2.3402711098960522
1823,-1.534147615177386
1824,-0.6510839036676841
1825,0.23153218982793633
1826,1.0278767517224103
1827,1.65809972127061
1828,2.063311533038516
1829,2.2188195986284094
1830,2.135567672805511
1831,1.8518903841328258
1832,1.4237247270476963
1833,0.9142687688679317
1834,0.38630011498894995
1835,-0.10394066502550375
1836,-0.5120289799304549
1837,-0.8065578206118771
1838,-0.9699423392439536
1839,-0.9981408871298807
1840,-0.8957733742150153
1841,-0.6720988953816912
1842,-0.3430580415527174
1843,0.06630312838992311
1844,0.5253982087064836
1845,1.0028043901698318
1846,1.4707830593473892
1847,1.9132048518882518
1848,2.327890110204561
1849,2.715630915806252
1850,3.0682639578204896
1851,3.3650149845279578
1852,3.5764084029665706
1853,3.680938669426589
1854,3.6827618594965434
1855,3.6082095220912866
1856,3.490218983179653
1857,3.360836684399162
1858,3.241209330436444
1859,3.1231415063883814
1860,2.969877009900134
1861,2.7414728676723636
1862,2.414113336710205
1863,1.975774284724359
1864,1.4144554456244554
1865,0.7230503253817281
1866,-0.08682658850094971
1867,-0.9808231341189164
1868,-1.9035833251135286
1869,-2.78286403869738
1870,-3.544918486650833
1871,-4.136295721909783
1872,-4.531128544379295
1873,-4.7218949286235175
1874,-4.715923188913173
1875,-4.54206279057271
1876,-4.24710567905532
1877,-3.879467894233143
1878,-3.478903211639869
1879,-3.0771379593086996
1880,-2.6995924908104154
1881,-2.3634350834146476
1882,-2.0737679610959994
1883,-1.8225006412206508
1884,-1.5992258566011717
1885,-1.4055606954521267
1886,-1.2478247275628815
1887,-1.1172543681240799
1888,-0.9865910099673921
1889,-0.8195798426162603
1890,-0.5725655734326882
1891,-0.19561049249625556
1892,0.3529148907639782
1893,1.0922417773667386
1894,2.0028533726952364
1895,3.0019114510890876
1896,3.9472671485749546
1897,4.689164095379686
1898,5.128014693079427
1899,5.2313631876071955
1900,5.015674775515535
1901,4.533692861279908
1902,3.8716121085126844
1903,3.124118564669473
1904,2.367454933899901
1905,1.6705663427927173
1906,1.1112674964871831
1907,0.7690733284628126
1908,0.713265592539861
1909,0.9755638032342735
1910,1.5133521212072902
1911,2.2170308756775703
1912,2.957820090513058
1913,3.6145026195303736
1914,4.073216138790889
1915,4.239772966837898
1916,4.0649005795757605
1917,3.5591773153714263
1918,2.7897910316390204
1919,1.8531006187790662
1920,0.8317837821624429
1921,-0.22550182351530618
1922,-1.2981784726639447
1923,-2.387413785981888
1924,-3.5030503084955886
1925,-4.635456446849259
1926,-5.732897709658011
1927,-6.715969645075341
1928,-7.519729634249934
1929,-8.106840942235687
1930,-8.449859413491279
1931,-8.524791036260089
1932,-8.301848707127103
1933,-7.735849088899024
1934,-6.800844958915783
1935,-5.538897574498227
1936,-4.066967380728657
1937,-2.547611628324281
1938,-1.1441335218197013
1939,0.018794835748101535
1940,0.8671676086813622
1941,1.3786767204538335
1942,1.5991784255245196
1943,1.6428468095548319
1944,1.642134151868648
1945,1.6853133965178944
1946,1.7872737558176357
1947,1.902343049795168
1948,1.962103595336971
1949,1.908754452167121
1950,1.7160505963917039
1951,1.4114856802868612
1952,1.0851300394897334
1953,0.8431262435729602
1954,0.7361180942179786
1955,0.7527887077970999
1956,0.8713625581531431
1957,1.077798294977687
1958,1.3424590651346449
1959,1.6209484235813263
1960,1.8713061809792277
1961,2.0583693611268603
1962,2.1710165175599783
1963,2.2267708470861947
1964,2.2439962907929094
1965,2.23696785867772
1966,2.238847994939925
1967,2.3048237280226216
1968,2.4735222541005726
1969,2.7212853708479163
1970,2.966814519981149
1971,3.114059493167847
1972,3.081964345810318
1973,2.814090465509909
1974,2.289911495521114
1975,1.5415756794388429
1976,0.6572864050985967
1977,-0.2516907590888436
1978,-1.108229559159391
1979,-1.8872013540762411
1980,-2.5838108447856762
1981,-3.1937110951234873
1982,-3.717157513086741
1983,-4.147357708279799
1984,-4.449299315238835
1985,-4.582651346998718
1986,-4.551300873346969
1987,-4.407806885988866
1988,-4.208930680762374
1989,-3.9727768246620663
1990,-3.6813574029739433
1991,-3.316391554770549
1992,-2.8708058550298095
1993,-2.334247963220667
1994,-1.6927144151885674
1995,-0.938902337579482
1996,-0.07828611213218571
1997,0.8582321638129768
1998,1.8053467869237838
1999,2.677999340101718
2000,3.395618597088373
2001,3.9074378817645803
2002,4.210188954799765
2003,4.32733466774681
2004,4.273709177631424
2005,4.055916561618535
2006,3.6936550014439087
2007,3.232033753354904
2008,2.7416439125889833
2009,2.309020189453644
2010,2.005902109050442
2011,1.8493741372397885
2012,1.8129560159498423
2013,1.8759987604979327
2014,2.031852904267298
2015,2.258051120130429
2016,2.5065700580256394
2017,2.722142797563933
2018,2.858430229107937
2019,2.883557070062467
2020,2.777734987385778
2021,2.5208575043373393
2022,2.0885574143846304
2023,1.4688139674889455
2024,0.6791834285253926
2025,-0.22946585864256222
2026,-1.1721105200982518
2027,-2.040084231994296
2028,-2.739905590978618
2029,-3.2317222795586464
2030,-3.5316777137985675
2031,-3.681092160234044
2032,-3.7137009780012304
2033,-3.6454654569398364
2034,-3.4737591084810795
2035,-3.1792337825363783
2036,-2.7531747008219076
2037,-2.227627521280159
2038,-1.6569555482950542
2039,-1.0799387295411225
2040,-0.5188026076810944
2041,0.007385087931559733
2042,0.47599275656723117
2043,0.8488099964923576
2044,1.0782954874103445
2045,1.1396307465745241
2046,1.0494258403751344
2047,0.8478867143329276
2048,0.569395596077623
2049,0.22795673612259645
2050,-0.18328183297142359
2051,-0.6754648421479358
2052,-1.2363871576546677
2053,-1.8201943945027284
2054,-2.3620969060104637
2055,-2.7831856748317056
2056,-2.983929407845061
2057,-2.8808597701994327
2058,-2.4641823608691915
2059,-1.7991881079431338
2060,-0.9906025767900352
2061,-0.15851745760527972
2062,0.580219760234111
2063,1.1289740768997953
2064,1.4275203145811464
2065,1.4709039676260238
2066,1.3074492079807194
2067,1.0121969599768432
2068,0.6599687711988906
2069,0.2982633089956963
2070,-0.06447371206578996
2071,-0.43480823460459966
2072,-0.8108047263076915
2073,-1.1824039887023627
2074,-1.5284903551912685
2075,-1.8079422760281647
2076,-1.962203215428024
2077,-1.932882990886293
2078,-1.694007403588158
2079,-1.2653992722192997
2080,-0.6872278150224153
2081,0.0010892932740143519
2082,0.7575545891085834
2083,1.535722316995437
2084,2.285808861197543
2085,2.9412366186779524
2086,3.417217156242244
2087,3.6572525177901545
2088,3.683555579883922
2089,3.582049464475613
2090,3.4369446990985404
2091,3.2857180547069933
2092,3.128271504714697
2093,2.94930384758368
2094,2.7190606952629306
2095,2.3978741443867047
2096,1.9469409262345212
2097,1.33275546769164
2098,0.5393880874234571
2099,-0.41414352243766595
2100,-1.4646940425295394
2101,-2.51787677608861
2102,-3.4862073907261797
2103,-4.315122029521908
2104,-4.978842913678509
2105,-5.472779224019147
2106,-5.804198436796562
2107,-5.971490829097249
2108,-5.9555741293510165
2109,-5.733471552289807
2110,-5.294296894328514
2111,-4.648589130152272
2112,-3.8312499209381303
2113,-2.8982575015033913
2114,-1.9185480801178827
2115,-0.9651208196651024
2116,-0.10685709897603975
2117,0.6061693420725537
2118,1.1541139765884094
2119,1.5394312854315824
2120,1.7749778467627002
2121,1.8858574116853322
2122,1.910627518701194
2123,1.8872140418805379
2124,1.8434577100285923
2125,1.8084195816015742
2126,1.8164661375073736
2127,1.8888319918552476
2128,2.0271173662744983
2129,2.2425724708034425
2130,2.571409435895758
2131,3.028503512287439
2132,3.57188282694439
2133,4.128331147684057
2134,4.620267341861185
2135,4.97437653541844
2136,5.13147696157323
2137,5.053874551779211
2138,4.730814122873634
2139,4.181614066100404
2140,3.444819677763302
2141,2.5570165766206414
2142,1.5401936208213696
2143,0.407274328953972
2144,-0.8190538687787353
2145,-2.0892059721022864
2146,-3.3282638064000576
2147,-4.4529489301331955
2148,-5.378858245632688
2149,-6.018684364934582
2150,-6.291176174107659
2151,-6.143465717730286
2152,-5.580001143492597
2153,-4.6570762172819276
2154,-3.4326893138036656
2155,-1.934559599888779
2156,-0.16672427125720296
2157,1.8419432712074573
2158,3.9733789864224724
2159,6.019556185485985
2160,7.7418540890585295
2161,8.945298172480223
2162,9.522192142822618
2163,9.439176914623365
2164,8.72020951654762
2165,7.448019945811643
2166,5.755741595087473
2167,3.80799247637314
2168,1.776385883795482
2169,-0.19203039253021711
2170,-1.9949293485060209
2171,-3.568518845656676
2172,-4.869693705834162
2173,-5.868590967733515
2174,-6.553757636827078
2175,-6.933640663982653
2176,-7.02316466220141
2177,-6.8292902409370795
2178,-6.359231586556865
2179,-5.642945220152629
2180,-4.7372623941716485
2181,-3.702140831076157
2182,-2.580966928348341
2183,-1.4200524418426586
2184,-0.29712448727920343
2185,0.6941572759282334
2186,1.4788075726659422
2187,2.0119032618620483
2188,2.27607546752888
2189,2.277265329603825
2190,2.038173272737067
2191,1.59106224333467
2192,0.9760937828128637
